<?xml version="1.0" encoding="UTF-8" standalone="yes"?>
<CTSSenderFileMetadata xmlns="urn:oecd:ctssenderfilemetadata">
    <CTSSenderCountryCd>ES</CTSSenderCountryCd>
    <CTSReceiverCountryCd>CL</CTSReceiverCountryCd>
    <CTSCommunicationTypeCd>DTCAEOI</CTSCommunicationTypeCd>
    <SenderFileId>ES_CL_DTCAEOI_DTCAEOIESCL2024-06-10T14:35:18.4963117820.5928410704167103</SenderFileId>
    <FileCreateTs>2024-06-11T21:18:00Z</FileCreateTs>
    <FileRevisionInd>false</FileRevisionInd>
</CTSSenderFileMetadata>
