<?xml version="1.0" encoding="UTF-8" standalone="yes"?>
<sfm:CTSSenderFileMetadata xmlns:iso="urn:oecd:ties:isoctstypes:v1" xmlns:sfm="urn:oecd:ctssenderfilemetadata" xmlns:xsi="http://www.w3.org/2001/XMLSchema-instance">
    <sfm:CTSSenderCountryCd>CL</sfm:CTSSenderCountryCd>
    <sfm:CTSReceiverCountryCd>ES</sfm:CTSReceiverCountryCd>
    <sfm:CTSCommunicationTypeCd>DTCAEOIStatus</sfm:CTSCommunicationTypeCd>
    <sfm:SenderFileId>CL_ES_DTCAEOIStatus_CL2024ESc13ee64c7a39408896dc546761b4090c</sfm:SenderFileId>
    <sfm:FileFormatCd>XML</sfm:FileFormatCd>
    <sfm:BinaryEncodingSchemeCd>NONE</sfm:BinaryEncodingSchemeCd>
    <sfm:FileCreateTs>2024-08-05T15:17:46Z</sfm:FileCreateTs>
    <sfm:TaxYear>2024</sfm:TaxYear>
    <sfm:FileRevisionInd>false</sfm:FileRevisionInd>
    <sfm:SenderContactEmailAddressTxt>catherine.figueroa@sii.cl</sfm:SenderContactEmailAddressTxt>
</sfm:CTSSenderFileMetadata>
