<?xml version="1.0" encoding="UTF-8" standalone="yes"?>
<sfm:CTSSenderFileMetadata xmlns:iso="urn:oecd:ties:isoctstypes:v1" xmlns:sfm="urn:oecd:ctssenderfilemetadata" xmlns:xsi="http://www.w3.org/2001/XMLSchema-instance">
    <sfm:CTSSenderCountryCd>CL</sfm:CTSSenderCountryCd>
    <sfm:CTSReceiverCountryCd>CN</sfm:CTSReceiverCountryCd>
    <sfm:CTSCommunicationTypeCd>EOIRFreeDT</sfm:CTSCommunicationTypeCd>
    <sfm:SenderFileId>CL_CN_EOIRFreeDT_CL2024CN4f17a5f7df0249c9bb4c6b56f4f82944</sfm:SenderFileId>
    <sfm:FileFormatCd>XML</sfm:FileFormatCd>
    <sfm:BinaryEncodingSchemeCd>NONE</sfm:BinaryEncodingSchemeCd>
    <sfm:FileCreateTs>2024-07-31T15:59:29Z</sfm:FileCreateTs>
    <sfm:TaxYear>2024</sfm:TaxYear>
    <sfm:FileRevisionInd>false</sfm:FileRevisionInd>
    <sfm:SenderContactEmailAddressTxt>catherine.figueroa@sii.cl</sfm:SenderContactEmailAddressTxt>
</sfm:CTSSenderFileMetadata>
