<?xml version="1.0" encoding="UTF-8" standalone="yes"?>
<sfm:CTSSenderFileMetadata xmlns:iso="urn:oecd:ties:isoctstypes:v1" xmlns:sfm="urn:oecd:ctssenderfilemetadata" xmlns:xsi="http://www.w3.org/2001/XMLSchema-instance">
    <sfm:CTSSenderCountryCd>ES</sfm:CTSSenderCountryCd>
    <sfm:CTSReceiverCountryCd>CL</sfm:CTSReceiverCountryCd>
    <sfm:CTSCommunicationTypeCd>DTCAEOIStatus</sfm:CTSCommunicationTypeCd>
    <sfm:SenderFileId>ES_CL_DTCAEOIStatus_ES2024CLd3333464ee4c455ebe735daba805c3f8</sfm:SenderFileId>
    <sfm:FileFormatCd>XML</sfm:FileFormatCd>
    <sfm:BinaryEncodingSchemeCd>NONE</sfm:BinaryEncodingSchemeCd>
    <sfm:FileCreateTs>2024-07-30T21:14:38Z</sfm:FileCreateTs>
    <sfm:TaxYear>2024</sfm:TaxYear>
    <sfm:FileRevisionInd>false</sfm:FileRevisionInd>
    <sfm:SenderContactEmailAddressTxt>catherine.figueroa@sii.cl</sfm:SenderContactEmailAddressTxt>
</sfm:CTSSenderFileMetadata>
