<?xml version="1.0" encoding="UTF-8" standalone="yes"?>
<sfm:CTSSenderFileMetadata xmlns:iso="urn:oecd:ties:isoctstypes:v1" xmlns:sfm="urn:oecd:ctssenderfilemetadata" xmlns:xsi="http://www.w3.org/2001/XMLSchema-instance">
    <sfm:CTSSenderCountryCd>CL</sfm:CTSSenderCountryCd>
    <sfm:CTSReceiverCountryCd>ES</sfm:CTSReceiverCountryCd>
    <sfm:CTSCommunicationTypeCd>DTCAEOIStatus</sfm:CTSCommunicationTypeCd>
    <sfm:SenderFileId>CL_ES_DTCAEOIStatus_CL2024ES329028c54e1947f59a88d36412438f5b</sfm:SenderFileId>
    <sfm:FileFormatCd>XML</sfm:FileFormatCd>
    <sfm:BinaryEncodingSchemeCd>NONE</sfm:BinaryEncodingSchemeCd>
    <sfm:FileCreateTs>2024-07-31T15:02:41Z</sfm:FileCreateTs>
    <sfm:TaxYear>2024</sfm:TaxYear>
    <sfm:FileRevisionInd>false</sfm:FileRevisionInd>
    <sfm:SenderContactEmailAddressTxt>catherine.figueroa@sii.cl</sfm:SenderContactEmailAddressTxt>
</sfm:CTSSenderFileMetadata>
