<?xml version="1.0" encoding="UTF-8" standalone="yes"?>
<CTSSenderFileMetadata xmlns="urn:oecd:ctssenderfilemetadata">
    <CTSSenderCountryCd>LU</CTSSenderCountryCd>
    <CTSReceiverCountryCd>CL</CTSReceiverCountryCd>
    <CTSCommunicationTypeCd>CBC</CTSCommunicationTypeCd>
    <SenderFileId>LU_CL_CBC_LU2023e4eab81b-fac2-44d8-ab70-eb34b4b7a24b</SenderFileId>
    <FileFormatCd>XML</FileFormatCd>
    <BinaryEncodingSchemeCd>NONE</BinaryEncodingSchemeCd>
    <FileCreateTs>2024-06-18T12:05:33Z</FileCreateTs>
    <TaxYear>2023</TaxYear>
    <FileRevisionInd>false</FileRevisionInd>
    <SenderContactEmailAddressTxt>aeoi@co.etat.lu</SenderContactEmailAddressTxt>
</CTSSenderFileMetadata>
