<?xml version="1.0" encoding="UTF-8" standalone="yes"?>
<sfm:CTSSenderFileMetadata xmlns:iso="urn:oecd:ties:isoctstypes:v1" xmlns:sfm="urn:oecd:ctssenderfilemetadata" xmlns:xsi="http://www.w3.org/2001/XMLSchema-instance">
    <sfm:CTSSenderCountryCd>CL</sfm:CTSSenderCountryCd>
    <sfm:CTSReceiverCountryCd>CN</sfm:CTSReceiverCountryCd>
    <sfm:CTSCommunicationTypeCd>EOIRFreeDT</sfm:CTSCommunicationTypeCd>
    <sfm:SenderFileId>CL_CN_EOIRFreeDT_CL2024CN61ebbb9ca1a24dba89c0ee6836383c70</sfm:SenderFileId>
    <sfm:FileFormatCd>XML</sfm:FileFormatCd>
    <sfm:BinaryEncodingSchemeCd>NONE</sfm:BinaryEncodingSchemeCd>
    <sfm:FileCreateTs>2024-06-19T14:25:46Z</sfm:FileCreateTs>
    <sfm:TaxYear>2024</sfm:TaxYear>
    <sfm:FileRevisionInd>false</sfm:FileRevisionInd>
    <sfm:SenderContactEmailAddressTxt>catherine.figueroa@sii.cl</sfm:SenderContactEmailAddressTxt>
</sfm:CTSSenderFileMetadata>
